anchor_id,monthly_sales_avg_alltime_jpy,n_months_alltime,monthly_sales_avg_l6m_jpy,n_months_l6m,l6m_first_month,l6m_last_month,sales_2025_local,ebitda_2025_local,ebitda_margin_2025
gc_1314,9219605.0,10,6036346.666666667,6,2019-11-01,2020-04-01,,,
gc_1315,9172072.506493507,77,10014881.833333334,6,2025-07-01,2025-12-01,,,
gc_1316,13032385.422222223,45,10705119.833333334,6,2022-10-01,2023-03-01,,,
gc_1317,12324464.155844156,77,16442347.666666666,6,2025-07-01,2025-12-01,,,
gc_1318,8214207.69047619,42,7326303.5,6,2022-08-01,2023-01-01,,,
gc_1319,7923376.8771929825,57,9313506.666666666,6,2023-10-01,2024-03-01,,,
gc_1320,7149264.376811594,69,11438746.0,6,2025-03-01,2025-08-01,,,
gc_1321,3966518.8571428573,35,4758836.0,6,2022-06-01,2022-11-01,,,
gc_1322,12403850.732394366,71,16362379.0,6,2025-07-01,2025-12-01,,,
gc_1323,8145012.529411765,68,15564888.666666666,6,2025-07-01,2025-12-01,,,
gc_1324,11033806.485294119,68,16526509.166666666,6,2025-07-01,2025-12-01,,,
gc_1325,7251965.19117647,68,12916260.666666666,6,2025-07-01,2025-12-01,,,
gc_1326,2936909.5217391304,23,3644739.8333333335,6,2022-03-01,2022-08-01,,,
gc_1327,8234793.126984127,63,13474234.0,6,2025-07-01,2025-12-01,,,
gc_1328,905025.3333333334,3,905025.3333333334,3,2020-10-01,2020-12-01,,,
gc_1329,10368234.852459017,61,15371988.5,6,2025-07-01,2025-12-01,,,
gc_1330,8756204.147540983,61,12609149.333333334,6,2025-07-01,2025-12-01,,,
gc_1331,9246697.870370371,54,13293625.333333334,6,2025-07-01,2025-12-01,,,
gc_1332,9959228.541666666,24,12645169.666666666,6,2023-10-01,2024-03-01,,,
gc_1333,5224930.944444444,36,6402582.166666667,6,2025-07-01,2025-12-01,,,
gc_1334,7128231.741935484,31,8141188.0,6,2025-07-01,2025-12-01,,,
gc_1335,8057597.777777778,27,10397314.333333334,6,2025-03-01,2025-08-01,,,
gc_1336,4393912.9677419355,31,4602095.666666667,6,2025-07-01,2025-12-01,,,
gc_1337,7942612.733333333,30,9810842.166666666,6,2025-07-01,2025-12-01,,,
gc_1338,6996191.296296297,27,8228128.166666667,6,2025-07-01,2025-12-01,,,
gc_1339,9980043.576923076,26,12005204.333333334,6,2025-07-01,2025-12-01,0.0,0.0,
gc_1340,8040626.76,25,9063614.166666666,6,2025-07-01,2025-12-01,,,
gc_1341,8536065.458333334,24,9801520.166666666,6,2025-07-01,2025-12-01,,,
gc_1342,6737376.47368421,19,7370350.666666667,6,2025-07-01,2025-12-01,,,
gc_1343,7544440.2105263155,19,7656184.333333333,6,2025-07-01,2025-12-01,,,
gc_1344,8973922.578947369,19,9345352.333333334,6,2025-07-01,2025-12-01,,,
gc_1345,6872138.0,18,7542587.833333333,6,2025-07-01,2025-12-01,,,
gc_1346,14003186.529411765,17,15559473.666666666,6,2025-07-01,2025-12-01,,,
gc_1347,12917977.1875,16,15295780.5,6,2025-07-01,2025-12-01,,,
gc_1348,7447157.363636363,11,8229700.833333333,6,2025-03-01,2025-08-01,,,
gc_1349,6575433.733333333,15,7135464.833333333,6,2025-07-01,2025-12-01,,,
gc_1350,17155835.75,12,18590413.666666668,6,2025-07-01,2025-12-01,,,
gc_1351,9487451.333333334,6,9487451.333333334,6,2025-01-01,2025-06-01,,,
gc_1352,11622786.583333334,12,12658341.666666666,6,2025-07-01,2025-12-01,,,
gc_1353,7157403.2,10,7152619.833333333,6,2025-07-01,2025-12-01,,,
gc_1354,9466533.857142856,7,9584009.333333334,6,2025-07-01,2025-12-01,,,
gc_1355,9361842.0,4,9361842.0,4,2025-09-01,2025-12-01,,,
gc_1356,7324614.75,4,7324614.75,4,2025-09-01,2025-12-01,,,
gc_1357,15148364.0,4,15148364.0,4,2025-09-01,2025-12-01,,,
gc_1358,13125947.0,2,13125947.0,2,2025-11-01,2025-12-01,,,
gc_1359,,1,,1,2025-12-01,2025-12-01,,,
gc_1363,9879980.26923077,78,10646032.333333334,6,2025-07-01,2025-12-01,121810862.0,17745446.0,0.1456803252898744
gc_1364,11939698.376623377,77,16980951.833333332,6,2025-07-01,2025-12-01,214514382.0,30669288.0,0.14297077759569518
gc_1365,13705354.315789474,57,13671402.666666666,6,2024-01-01,2024-06-01,0.0,0.0,
gc_1366,11323598.58974359,78,17788256.333333332,6,2025-07-01,2025-12-01,196989648.0,40674312.0,0.20647943896016302
gc_1367,9016086.371428572,35,5940757.666666667,6,2022-01-01,2022-06-01,,,
gc_1368,8709690.474358974,78,12001248.666666666,6,2025-07-01,2025-12-01,135057946.0,20721326.0,0.15342544895507296
gc_1369,13415068.051282052,78,16481357.333333334,6,2025-07-01,2025-12-01,185566770.0,36056195.0,0.19430308023360002
gc_1370,7131614.946428572,56,7600898.166666667,6,2023-09-01,2024-02-01,,,
gc_1371,15596997.512820512,78,18416236.833333332,6,2025-07-01,2025-12-01,211685927.0,27861702.169999998,0.13161811257297232
gc_1372,12266544.051282052,78,17120851.833333332,6,2025-07-01,2025-12-01,187665647.0,36966190.0,0.19697899211143316
gc_1373,7254106.48051948,77,8411325.0,6,2025-07-01,2025-12-01,93239984.0,14433709.0,0.15480171039068388
gc_1374,12599125.58974359,78,12904231.833333334,6,2025-07-01,2025-12-01,149138495.0,21745912.875000004,0.1458101939073477
gc_1375,11960956.756410256,78,14747273.0,6,2025-07-01,2025-12-01,171142965.0,23067463.050000004,0.134784757585566
gc_1376,9056612.461538462,78,9679479.5,6,2025-07-01,2025-12-01,107529177.0,13222516.0,0.12296677393894682
gc_1377,7317071.269230769,78,9395666.166666666,6,2025-07-01,2025-12-01,108699853.0,10765057.0,0.09903469694664628
gc_1378,8482395.807692308,78,11440193.666666666,6,2025-07-01,2025-12-01,129669338.0,21447389.0,0.16540062076973047
gc_1379,9234798.91025641,78,11018902.333333334,6,2025-07-01,2025-12-01,128458606.0,12064606.15,0.09391823970127779
gc_1380,12817808.858974358,78,22088570.666666668,6,2025-07-01,2025-12-01,242862348.0,63228627.0,0.2603475899854184
gc_1381,7088957.5,38,5454221.0,6,2022-04-01,2022-09-01,,,
gc_1382,10757605.35,60,13316064.0,6,2024-03-01,2024-08-01,,,
gc_1383,5261975.166666667,30,2878023.3333333335,6,2021-09-01,2022-02-01,,,
gc_1384,6602125.830985916,71,8491266.333333334,6,2025-07-01,2025-12-01,99019523.0,14427636.0,0.14570496365651045
gc_1385,5283525.786666667,75,5285713.833333333,6,2025-07-01,2025-12-01,59358839.0,-5544744.36501,-0.09341059323970267
gc_1386,5641235.9,50,6339751.333333333,6,2023-08-01,2024-01-01,0.0,0.0,
gc_1387,9429949.04054054,74,14940919.0,6,2025-07-01,2025-12-01,167149362.0,19874848.0,0.11890471948077193
gc_1388,8705935.333333334,6,8705935.333333334,6,2019-11-01,2020-04-01,,,
gc_1389,7469609.108108108,74,9195368.666666666,6,2025-07-01,2025-12-01,96333367.0,-2232400.679999999,-0.023173701382201234
gc_1390,14346739.342465753,73,19475899.166666668,6,2025-07-01,2025-12-01,214721684.0,34631475.6365,0.16128541371024271
gc_1391,9984114.657534247,73,13898636.833333334,6,2025-07-01,2025-12-01,155204839.0,27644895.530939996,0.17811877328734574
gc_1392,5569799.384615385,78,6308020.166666667,6,2025-07-01,2025-12-01,76494748.0,4766369.0,0.06230975491284709
gc_1393,5654306.432432433,37,3406609.3333333335,6,2022-08-01,2023-01-01,0.0,0.0,
gc_1394,9445262.862745099,51,9518674.833333334,6,2023-10-01,2024-03-01,,,
gc_1395,9388759.915492957,71,14428122.333333334,6,2025-07-01,2025-12-01,165090114.0,26255042.0,0.1590346106369519
gc_1396,7644740.362318841,69,10702143.666666666,6,2025-07-01,2025-12-01,120648847.0,20145414.0,0.1669756031733979
gc_1397,4807492.676470588,34,5080711.666666667,6,2022-07-01,2022-12-01,,,
gc_1398,10247449.869565217,69,13396298.5,6,2025-07-01,2025-12-01,142007137.0,3268307.995000001,0.023015096734187387
gc_1399,6259351.081081081,37,5494790.833333333,6,2022-11-01,2023-04-01,,,
gc_1400,8764802.333333334,66,12232336.166666666,6,2025-06-01,2025-11-01,128511776.0,22835729.0,0.17769366910002085
gc_1401,5582906.903225807,31,5384934.666666667,6,2022-06-01,2022-11-01,,,
gc_1402,4176560.9,10,3655907.5,6,2020-09-01,2021-02-01,,,
gc_1403,11432305.296875,64,16395499.5,6,2025-07-01,2025-12-01,179466674.0,29340722.0,0.16348841456770966
gc_1404,3023331.1818181816,11,2416861.3333333335,6,2020-11-01,2021-04-01,,,
gc_1405,6260496.701492538,67,9366161.833333334,6,2025-07-01,2025-12-01,111269422.0,16895254.0,0.15184094332762868
gc_1406,7257682.424242424,66,11043435.0,6,2025-07-01,2025-12-01,123135212.0,27115359.0,0.22020800191581266
gc_1407,8085778.84375,64,12521090.833333334,6,2025-07-01,2025-12-01,146147941.0,14143912.0,0.09677804492640782
gc_1408,6232067.234375,64,9520807.0,6,2025-07-01,2025-12-01,105934962.0,12443168.0,0.11746044709960815
gc_1409,4051428.2439024393,41,5228402.5,6,2023-10-01,2024-03-01,0.0,0.0,
gc_1410,7340973.603174604,63,9986676.5,6,2025-07-01,2025-12-01,122316095.0,7263786.0,0.059385365433715
gc_1411,6607234.919354838,62,9660250.333333334,6,2025-07-01,2025-12-01,110124985.0,15798379.0,0.14345862566973336
gc_1412,10025757.081967212,61,14269341.0,6,2025-07-01,2025-12-01,148239471.0,14266074.31,0.09623667848895656
gc_1413,366045.55555555556,9,277208.3333333333,6,2021-03-01,2021-10-01,,,
gc_1414,3979321.5081967213,61,6074609.5,6,2025-07-01,2025-12-01,67209766.0,4358421.93,0.06484804499988885
gc_1415,6570744.666666667,60,9686358.0,6,2025-07-01,2025-12-01,102070089.0,7931705.52,0.07770842171010549
gc_1416,5725291.6,60,8794645.333333334,6,2025-07-01,2025-12-01,99804109.0,10107799.0,0.10127638131612397
gc_1417,6793180.1,60,9816071.833333334,6,2025-07-01,2025-12-01,116568261.0,10399352.0,0.08921255160527787
gc_1418,4584662.0,29,4545473.166666667,6,2023-01-01,2023-06-01,0.0,0.0,
gc_1419,7120338.463414635,41,7771601.666666667,6,2024-01-01,2024-06-01,0.0,0.0,
gc_1420,16194252.051724138,58,25141555.5,6,2025-07-01,2025-12-01,280917989.0,57011914.385,0.20294860641694257
gc_1421,6582579.423728813,59,8788323.666666666,6,2025-07-01,2025-12-01,104038355.0,12385842.0,0.11905072893549691
gc_1422,3532699.9583333335,24,3490029.1666666665,6,2022-08-01,2023-01-01,,,
gc_1423,10871610.206896551,58,12541219.5,6,2025-07-01,2025-12-01,150000176.0,16812521.838,0.11208334740887237
gc_1424,8494330.137931034,58,12673163.0,6,2025-07-01,2025-12-01,144754091.0,24520522.0,0.16939432820589506
gc_1425,9310146.086206896,58,12175562.0,6,2025-07-01,2025-12-01,142621398.0,22010247.0,0.15432640058681799
gc_1426,6462549.731707317,41,8904392.833333334,6,2024-02-01,2024-07-01,0.0,0.0,
gc_1427,8118224.553571428,56,11100466.166666666,6,2025-07-01,2025-12-01,126535183.0,23535377.0,0.18599867990865435
gc_1428,13846177.464285715,56,23078684.5,6,2025-07-01,2025-12-01,261575001.0,9029687.817999996,0.034520454108686004
gc_1429,1365034.6363636365,11,1203068.8333333333,6,2021-10-01,2022-03-01,,,
gc_1430,5238430.517857143,56,6943509.666666667,6,2025-07-01,2025-12-01,79929524.0,7936535.660000001,0.09929416894813488
gc_1431,7219889.7272727275,55,9861479.666666666,6,2025-07-01,2025-12-01,116395929.0,15652993.0,0.13448058823431874
gc_1432,8043695.472727273,55,9803069.0,6,2025-07-01,2025-12-01,111850645.0,13016760.0,0.11637626229155854
gc_1433,2596576.311111111,45,2862064.8333333335,6,2024-09-01,2025-02-01,5238789.0,853596.0,0.16293765601172333
gc_1434,4208030.2727272725,55,7105818.0,6,2025-07-01,2025-12-01,78830413.0,11716120.181890002,0.14862436635832418
gc_1435,6133228.480769231,52,8652926.666666666,6,2025-04-01,2025-09-01,,,
gc_1436,10599550.4,55,15027519.0,6,2025-07-01,2025-12-01,170435932.0,28608288.0,0.1678536190361549
gc_1437,5674889.418181818,55,7648247.5,6,2025-07-01,2025-12-01,87739714.0,12403674.81817,0.141368990764775
gc_1438,7053035.703703703,54,9233741.0,6,2025-07-01,2025-12-01,106252373.0,14388902.0,0.1354219354705612
gc_1439,472123.95652173914,23,353177.0,6,2023-01-01,2023-06-01,,,
gc_1440,6113634.326923077,52,10614159.166666666,6,2025-07-01,2025-12-01,109874476.0,19471842.0,0.17721897486000296
gc_1441,5285815.653846154,52,8452068.666666666,6,2025-07-01,2025-12-01,93027607.0,19088274.0,0.2051893477169632
gc_1442,5389301.761904762,21,5238033.0,6,2022-12-01,2023-05-01,0.0,0.0,
gc_1443,7542468.69047619,42,8122164.0,6,2024-09-01,2025-02-01,15480575.0,-1838379.0,-0.11875392225417984
gc_1444,8674955.05882353,51,11285537.166666666,6,2025-07-01,2025-12-01,120194382.0,7673414.274999997,0.06384170497253355
gc_1445,6596722.2549019605,51,9603882.833333334,6,2025-07-01,2025-12-01,108956145.0,20231242.0,0.18568243213817817
gc_1446,6507354.803921568,51,9767206.666666666,6,2025-07-01,2025-12-01,109084415.0,9093735.544999998,0.0833642050974926
gc_1447,10623638.333333334,51,14822835.0,6,2025-07-01,2025-12-01,170581056.0,27822685.0,0.163105362649414
gc_1448,4348984.333333333,30,4952997.333333333,6,2023-10-01,2024-03-01,,,
gc_1449,6887463.625,48,9204131.5,6,2025-07-01,2025-12-01,106867810.0,22857303.0,0.2138838907618674
gc_1450,7762630.958333333,48,9987975.5,6,2025-07-01,2025-12-01,113787279.0,19014782.0,0.16710815274877958
gc_1451,4550505.787234043,47,6075528.0,6,2025-07-01,2025-12-01,68362481.0,10507723.0,0.15370599261896303
gc_1452,7985039.043478261,46,8841638.333333334,6,2025-07-01,2025-12-01,105957044.0,15259761.0,0.14401837219996436
gc_1453,7034879.666666667,45,8180915.166666667,6,2025-07-01,2025-12-01,94204847.0,8565994.083999999,0.09092944107217751
gc_1454,4863345.384615385,26,5069717.833333333,6,2023-12-01,2024-05-01,,,
gc_1455,3187058.4,10,3092409.8333333335,6,2022-08-01,2023-01-01,0.0,0.0,
gc_1456,6510879.25,44,8789621.833333334,6,2025-07-01,2025-12-01,99882343.0,17132852.0,0.17153033744913251
gc_1457,10372717.840909092,44,15775929.333333334,6,2025-07-01,2025-12-01,171596281.0,30417879.439999998,0.17726421145455942
gc_1458,6214709.318181818,44,8638397.166666666,6,2025-07-01,2025-12-01,96415655.0,20015921.0,0.2076003217527278
gc_1459,6138814.0227272725,44,7705281.166666667,6,2025-07-01,2025-12-01,87225632.0,7399395.960000001,0.0848305227527615
gc_1460,8640602.232558139,43,9460592.833333334,6,2025-07-01,2025-12-01,117931730.0,17989189.0,0.1525390071018207
gc_1461,11322294.023255814,43,16235243.833333334,6,2025-07-01,2025-12-01,182175648.0,28958533.659999996,0.15895941075505327
gc_1462,4949583.116279069,43,6008677.666666667,6,2025-07-01,2025-12-01,70961030.0,9304255.0,0.13111781212871346
gc_1463,5061989.175,40,7032912.833333333,6,2025-07-01,2025-12-01,79492628.0,17310472.0082,0.21776197923913146
gc_1464,5303351.6,40,7883025.166666667,6,2025-07-01,2025-12-01,86871171.0,9337997.0,0.10749247296321124
gc_1465,7406940.2,40,9498060.333333334,6,2025-07-01,2025-12-01,107683533.0,13070413.0,0.12137801050788331
gc_1466,2070177.5,8,2118410.1666666665,6,2022-12-01,2023-05-01,0.0,0.0,
gc_1467,7515538.538461538,39,10162218.5,6,2025-07-01,2025-12-01,117099088.0,18003187.0,0.15374318713737548
gc_1468,10855674.307692308,39,14416494.333333334,6,2025-07-01,2025-12-01,163046226.0,34849078.0,0.21373740965951582
gc_1469,8798224.41025641,39,11195080.5,6,2025-07-01,2025-12-01,117190911.0,3975600.0699999994,0.03392413316080459
gc_1470,5392179.58974359,39,7487029.5,6,2025-07-01,2025-12-01,82049968.0,14635197.0,0.17836932002216016
gc_1471,1716567.5128205128,39,1953228.6666666667,6,2025-07-01,2025-12-01,21871558.0,-703816.0,-0.032179509114074085
gc_1472,10027576.236842105,38,12647519.833333334,6,2025-07-01,2025-12-01,146794572.0,23058791.0,0.15708204115340177
gc_1473,4753473.47368421,38,6795292.833333333,6,2025-07-01,2025-12-01,74051916.0,9773131.0,0.1319767472323066
gc_1474,6852096.945945946,37,8814160.0,6,2025-07-01,2025-12-01,102470281.0,11073521.0,0.10806568394205926
gc_1475,4516447.44117647,34,5407503.666666667,6,2025-07-01,2025-12-01,62513213.0,11605610.042909998,0.1856505126829747
gc_1476,6423923.0,33,7180219.0,6,2025-07-01,2025-12-01,84645236.0,3416529.104000001,0.04036292253943271
gc_1477,7494431.878787879,33,8414817.0,6,2025-07-01,2025-12-01,96118616.0,9220175.0,0.09592496629373023
gc_1478,7001805.1875,32,8817547.0,6,2025-07-01,2025-12-01,100505266.0,16660849.0,0.16577090597422028
gc_1479,6188358.28125,32,8710764.5,6,2025-07-01,2025-12-01,94645405.0,19813988.0,0.20934970905349287
gc_1480,9794023.78125,32,13791326.166666666,6,2025-07-01,2025-12-01,149363135.0,34653829.0,0.23201058949385336
gc_1481,6799621.645161291,31,8168149.833333333,6,2025-07-01,2025-12-01,92403424.0,17920249.0,0.1939349022391205
gc_1482,6608145.379310345,29,7214630.833333333,6,2025-07-01,2025-12-01,83920117.0,11376922.395,0.13556847632850655
gc_1483,12873960.48275862,29,16203718.333333334,6,2025-07-01,2025-12-01,181932404.0,56349380.0,0.30972701267664227
gc_1484,7733539.857142857,28,9125091.166666666,6,2025-07-01,2025-12-01,107920483.0,19595332.0,0.18157194496618403
gc_1485,7435841.407407408,27,8559377.0,6,2025-07-01,2025-12-01,97226552.0,26431703.0,0.27185683803741184
gc_1486,7157757.333333333,27,8488805.166666666,6,2025-07-01,2025-12-01,94968942.0,17906449.745,0.18855058683290377
gc_1487,8385731.37037037,27,9784867.833333334,6,2025-07-01,2025-12-01,111965219.0,12503502.0,0.11167309019419683
gc_1488,8131457.407407408,27,9372094.666666666,6,2025-07-01,2025-12-01,106903065.0,17593795.0,0.16457708672805593
gc_1489,11525681.370370371,27,13660702.833333334,6,2025-07-01,2025-12-01,153063427.0,19328708.620000005,0.12627907919505818
gc_1490,8085693.32,25,9859462.666666666,6,2025-07-01,2025-12-01,110235841.0,21788464.0,0.19765317524996248
gc_1491,10839971.68,25,11097119.166666666,6,2025-07-01,2025-12-01,137489992.0,22243678.0,0.16178397915682474
gc_1492,6768908.52,25,7862317.833333333,6,2025-07-01,2025-12-01,90837897.0,12960971.46,0.14268242537583187
gc_1493,4439881.125,24,5209460.666666667,6,2025-07-01,2025-12-01,52984277.0,4762683.0,0.0898886097851255
gc_1494,10859597.0,23,12227020.0,6,2025-07-01,2025-12-01,140877830.0,28004062.0,0.19878260475761161
gc_1495,8840037.695652174,23,10359249.5,6,2025-07-01,2025-12-01,117561500.0,15206652.955999998,0.1293506203646602
gc_1496,9126431.52173913,23,10858210.333333334,6,2025-07-01,2025-12-01,123363266.0,13644594.0,0.11060499970874636
gc_1497,10640070.227272727,22,11968765.833333334,6,2025-07-01,2025-12-01,138951720.0,15027779.0,0.10815108298047696
gc_1498,11281800.863636363,22,13257513.166666666,6,2025-07-01,2025-12-01,148196929.0,35333950.0,0.23842565590546078
gc_1499,10682000.666666666,21,13072802.333333334,6,2025-07-01,2025-12-01,142016099.0,33093130.53,0.23302379633734344
gc_1500,8310820.523809524,21,9574214.0,6,2025-07-01,2025-12-01,108784464.0,17521725.0,0.16106826614506278
gc_1501,7067519.4,20,8364989.833333333,6,2025-07-01,2025-12-01,94555979.0,15742093.23,0.16648437673095215
gc_1502,7002679.25,20,7919339.0,6,2025-07-01,2025-12-01,89532900.0,16247215.0,0.1814664218404631
gc_1503,5175348.684210527,19,5654308.666666667,6,2025-07-01,2025-12-01,64905660.0,6215998.0,0.09576973718470777
gc_1504,6099762.2105263155,19,7279296.0,6,2025-07-01,2025-12-01,77335164.0,11186174.0,0.14464537761890567
gc_1505,7548217.052631579,19,8825304.666666666,6,2025-07-01,2025-12-01,94453880.0,14948028.560000002,0.158257432728015
gc_1506,8020601.529411765,17,8607295.833333334,6,2025-07-01,2025-12-01,98911706.0,13625482.629999999,0.13775399475973046
gc_1507,5509320.0625,16,6095112.0,6,2025-07-01,2025-12-01,68940872.0,5468250.0,0.07931796975239884
gc_1508,10148821.25,16,11669756.166666666,6,2025-07-01,2025-12-01,128173505.0,30372566.0,0.23696446469182536
gc_1509,11231239.066666666,15,11760448.0,6,2025-07-01,2025-12-01,133957684.0,21047059.809199996,0.15711722672959916
gc_1510,13422972.666666666,6,13422972.666666666,6,2024-10-01,2025-03-01,37705339.0,5802703.0,0.15389605700137055
gc_1511,9445262.862745099,51,9518674.833333334,6,2023-10-01,2024-03-01,167985141.0,38868712.0,0.23138184585028268
gc_1512,11337003.333333334,15,12017592.166666666,6,2025-07-01,2025-12-01,140199436.0,26590432.0,0.189661476241602
gc_1513,12849581.2,15,14353090.166666666,6,2025-07-01,2025-12-01,161759439.0,28235283.515,0.1745510721943095
gc_1514,6673319.866666666,15,7445081.0,6,2025-07-01,2025-12-01,83581875.0,13918611.0,0.1665266662180048
gc_1515,11130761.266666668,15,11877712.166666666,6,2025-07-01,2025-12-01,137109173.0,16387748.0,0.11952335238722503
gc_1516,11757435.92857143,14,13954270.333333334,6,2025-07-01,2025-12-01,148871627.0,28267820.0,0.18988050691486028
gc_1517,4936347.5,14,5451148.0,6,2025-07-01,2025-12-01,60971352.0,6038479.0,0.09903797114421868
gc_1518,4863345.384615385,26,5069717.833333333,6,2023-12-01,2024-05-01,96643197.0,14785303.0,0.15298855438319162
gc_1519,9885448.416666666,12,10756647.333333334,6,2025-07-01,2025-12-01,118625381.0,16037114.0,0.13519125388520353
gc_1520,11106175.090909092,11,11776039.666666666,6,2025-07-01,2025-12-01,131877724.0,24839665.0,0.18835375866814322
gc_1521,7131614.946428572,56,7600898.166666667,6,2023-09-01,2024-02-01,116488153.0,14878133.4,0.12772228777633723
gc_1522,8879940.272727273,11,10034130.5,6,2025-07-01,2025-12-01,103661248.0,17035710.0,0.1643401977950333
gc_1523,8412307.363636363,11,8711509.666666666,6,2025-07-01,2025-12-01,98812394.0,11171086.725000001,0.11305349736795164
gc_1524,6589703.6,10,6632278.333333333,6,2025-07-01,2025-12-01,75530736.0,3154186.0,0.04176029742381962
gc_1525,9444061.5,10,9749330.666666666,6,2025-07-01,2025-12-01,107283297.0,9614103.0,0.08961416426268108
gc_1526,6893809.111111111,9,7067916.166666667,6,2025-07-01,2025-12-01,82015848.0,19630051.0,0.2393446081298824
gc_1527,4659211.222222222,9,4733427.0,6,2025-07-01,2025-12-01,55427233.0,1246156.5722999992,0.0224827490901449
gc_1528,10757605.35,60,13316064.0,6,2024-03-01,2024-08-01,162470294.0,26128308.0,0.16081898639267558
gc_1529,8533498.625,8,8629037.5,6,2025-07-01,2025-12-01,93283737.0,8526243.0,0.09140117317555578
gc_1530,7514598.75,8,7303960.666666667,6,2025-07-01,2025-12-01,89553301.0,11705823.0,0.13071347308571016
gc_1531,9111869.5,8,9327694.166666666,6,2025-07-01,2025-12-01,110605695.0,25411076.91782,0.22974474250914476
gc_1532,14876218.857142856,7,15087818.166666666,6,2025-07-01,2025-12-01,157948225.0,25699124.0,0.1627060006530621
gc_1533,9576692.714285715,7,9317246.666666666,6,2025-07-01,2025-12-01,107194875.0,-7233915.87,-0.06748378474250752
gc_1534,10101207.75,4,10101207.75,4,2025-09-01,2025-12-01,117976009.0,19388085.0,0.164339217475987
gc_1535,10862393.0,4,10862393.0,4,2025-09-01,2025-12-01,105184026.0,9087546.0,0.08639663593025047
gc_1536,11113534.5,4,11113534.5,4,2025-09-01,2025-12-01,113673253.0,15154732.565000001,0.13331836791017146
gc_1537,10677607.5,4,10677607.5,4,2025-09-01,2025-12-01,102004863.0,13383605.0,0.13120555830754854
gc_1538,8705935.333333334,6,8705935.333333334,6,2019-11-01,2020-04-01,76618886.0,1658686.7000000002,0.0216485358453267
gc_1539,6592031.333333333,3,6592031.333333333,3,2025-10-01,2025-12-01,69585804.0,5686756.564999997,0.08172294114759379
gc_1540,8250768.666666667,3,8250768.666666667,3,2025-10-01,2025-12-01,83378464.0,6960433.0,0.08347998591099015
gc_1541,12806569.333333334,3,12806569.333333334,3,2025-10-01,2025-12-01,127391153.0,22191142.0,0.17419688477111123
gc_1542,7866737.666666667,3,7866737.666666667,3,2025-10-01,2025-12-01,75369285.0,18082065.0,0.23991291678035687
gc_1543,8427952.666666666,3,8427952.666666666,3,2025-10-01,2025-12-01,82958022.0,10975949.0,0.13230726499240786
gc_1544,6216171.0,3,6216171.0,3,2025-10-01,2025-12-01,59549544.0,5833502.0,0.09796048144382097
gc_1545,9280290.666666666,3,9280290.666666666,3,2025-10-01,2025-12-01,93680642.0,12036149.0,0.128480641710376
gc_1546,7778277.0,3,7778277.0,3,2025-10-01,2025-12-01,74347576.0,-1444864.0,-0.019433908645521948
gc_1547,10830898.333333334,3,10830898.333333334,3,2025-10-01,2025-12-01,102145695.0,15064296.0,0.1474785207541052
gc_1548,9707115.0,3,9707115.0,3,2025-10-01,2025-12-01,82668739.0,8994017.07,0.10879586623427268
gc_1549,6596892.5,2,6596892.5,2,2025-11-01,2025-12-01,57023581.0,-2306659.6050000004,-0.04045097772796837
gc_1550,6778687.5,2,6778687.5,2,2025-11-01,2025-12-01,60814381.0,886164.9000000004,0.014571633969274477
gc_1551,3504230.5,2,3504230.5,2,2025-11-01,2025-12-01,29713404.0,-7368459.0,-0.24798434403543937
gc_1552,,1,,1,2025-12-01,2025-12-01,50986016.0,-655320.0,-0.012852935989350492
gc_1553,,1,,1,2025-12-01,2025-12-01,67949937.0,14912981.0,0.2194701225403638
gc_1554,,1,,1,2025-12-01,2025-12-01,68238149.0,5589680.0,0.08191429694260904
gc_1555,,1,,1,2025-12-01,2025-12-01,60419098.0,8730235.34,0.14449463214429317
gc_1556,,1,,1,2025-12-01,2025-12-01,73581478.0,-36399.0,-0.0004946761194440807
gc_1559,7120338.463414635,41,7771601.666666667,6,2024-01-01,2024-06-01,63390420.0,10925533.32,0.17235306723003255
gc_1565,4348984.333333333,30,4952997.333333333,6,2023-10-01,2024-03-01,0.0,0.0,
